Gmail Active 	2022-02-09 09:35
Gmail Active 	2022-02-09 10:35
Gmail Active 	2022-02-09 11:35
Gmail Active 	2022-02-09 18:36
Gmail Active 	2022-02-09 19:45
Gmail Active 	2022-02-10 08:47
Gmail Active 	2022-02-10 08:50
Gmail Active 	2022-02-10 09:50
Gmail Active 	2022-02-10 10:50
Gmail Active 	2022-02-10 11:50
Gmail Active 	2022-02-10 12:50
Gmail Active 	2022-02-10 13:50
Gmail Active 	2022-02-10 14:50
Gmail Active 	2022-02-10 15:50
Gmail Active 	2022-02-10 16:50
Gmail Active 	2022-02-10 17:50
Gmail Active 	2022-02-10 18:50
Gmail Active 	2022-02-10 19:50
Gmail Active 	2022-02-10 20:50
Gmail Active 	2022-02-10 21:50
Gmail Active 	2022-02-10 22:50
Gmail Active 	2022-02-10 23:50
Gmail Active 	2022-02-11 00:50
Gmail Active 	2022-02-11 01:50
Gmail Active 	2022-02-11 02:50
Gmail Active 	2022-02-11 03:50
Gmail Active 	2022-02-11 04:50
Gmail Active 	2022-02-11 05:50
Gmail Active 	2022-02-11 06:50
Gmail Active 	2022-02-11 07:50
Gmail Active 	2022-02-11 08:50
Gmail Active 	2022-02-11 09:50
Gmail Active 	2022-02-11 10:50
Gmail Active 	2022-02-11 11:50
Gmail Active 	2022-02-11 12:50
Gmail Active 	2022-02-11 13:50
Gmail Active 	2022-02-11 14:50
Gmail Active 	2022-02-11 15:50
Gmail Active 	2022-02-11 16:50
Gmail Active 	2022-02-12 08:50
Gmail Active 	2022-02-12 09:50
